scenario,target,environment,app_version,measured_at_utc,analysis_type,analysis_subtype,input_number,radius,time_getblocksnearby,time_doaggregate,time_batch_summarize,nrows_blocks,nrows_results_bysite,time_ejamit,web_elapsed_seconds,elapsed_seconds,predicted_fit_seconds,predicted_upper_seconds,candidate_profile,candidate_fit_seconds,candidate_absolute_percentage_error,radius_observed,displayed_eta_text,status,validity,valid_for_local_model,valid_for_web_calibration,calibration_role,benchmark_profile,cache_state,timing_boundary,duration_lower_bound_seconds,source_file,source_row,source_repeat,scenario_occurrence,notes,error
point_1_radius_1,ejamit,local_r,3.2022.2,2026-07-25 18:46:02 UTC,points,point_buffer,1,1,,,,,,2.158,,2.158,33.8062685931762,123.67570716491,ejamit_v3.2022.2,0.889,58.804448563484705,1,,completed,valid_local_model,TRUE,FALSE,local_console_model_evidence,pre_change_baseline,first_occurrence_same_R_session_not_proven_cold,system.time around EJAM::ejamit call only,,ejam_eta_local_ejamit.csv,2,,1,,
points_10_radius_1,ejamit,local_r,3.2022.2,2026-07-25 18:46:05 UTC,points,point_buffer,10,1,,,,,,1.029,,1.029,26.7245239783798,102.290573184132,ejamit_v3.2022.2,1.0175,1.117589893100082,1,,completed,valid_local_model,TRUE,FALSE,local_console_model_evidence,pre_change_baseline,first_occurrence_same_R_session_not_proven_cold,system.time around EJAM::ejamit call only,,ejam_eta_local_ejamit.csv,3,,1,,
points_10_radius_5,ejamit,local_r,3.2022.2,2026-07-25 18:46:06 UTC,points,point_buffer,10,5,,,,,,1.427,,1.427,25.9176830661361,101.438391493795,ejamit_v3.2022.2,1.4185,0.5956552207428137,5,,completed,valid_local_model,TRUE,FALSE,local_console_model_evidence,pre_change_baseline,first_occurrence_same_R_session_not_proven_cold,system.time around EJAM::ejamit call only,,ejam_eta_local_ejamit.csv,4,,1,,
points_100_radius_3_1,ejamit,local_r,3.2022.2,2026-07-25 18:46:07 UTC,points,point_buffer,100,3.1,,,,,,1.706,,1.706,17.9348410964495,77.902865760209,ejamit_v3.2022.2,1.7015,0.2637749120750263,3.1,,completed,valid_local_model,TRUE,FALSE,local_console_model_evidence,pre_change_baseline,first_occurrence_same_R_session_not_proven_cold,system.time around EJAM::ejamit call only,,ejam_eta_local_ejamit.csv,5,,1,,
points_1000_radius_3_1,ejamit,local_r,3.2022.2,2026-07-25 18:46:09 UTC,points,point_buffer,1000,3.1,,,,,,5.383,,5.383,16.3153312125838,66.9606689499408,ejamit_v3.2022.2,5.704,5.963217536689573,3.1,,completed,valid_local_model,TRUE,FALSE,local_console_model_evidence,pre_change_baseline,first_occurrence_same_R_session_not_proven_cold,system.time around EJAM::ejamit call only,,ejam_eta_local_ejamit.csv,6,,1,,
point_1_radius_1,ejamit,local_r,3.2022.2,2026-07-25 18:46:21 UTC,points,point_buffer,1,1,,,,,,2.068,,2.068,33.8062685931762,123.67570716491,ejamit_v3.2022.2,0.889,57.011605415860735,1,,completed,valid_local_model,TRUE,FALSE,local_console_model_evidence,pre_change_baseline,same_R_session_repeat_not_proven_warm,system.time around EJAM::ejamit call only,,ejam_eta_local_ejamit.csv,7,,2,,
points_10_radius_1,ejamit,local_r,3.2022.2,2026-07-25 18:46:24 UTC,points,point_buffer,10,1,,,,,,1.006,,1.006,26.7245239783798,102.290573184132,ejamit_v3.2022.2,1.0175,1.1431411530815174,1,,completed,valid_local_model,TRUE,FALSE,local_console_model_evidence,pre_change_baseline,same_R_session_repeat_not_proven_warm,system.time around EJAM::ejamit call only,,ejam_eta_local_ejamit.csv,8,,2,,
points_10_radius_5,ejamit,local_r,3.2022.2,2026-07-25 18:46:25 UTC,points,point_buffer,10,5,,,,,,1.41,,1.41,25.9176830661361,101.438391493795,ejamit_v3.2022.2,1.4185,0.6028368794326365,5,,completed,valid_local_model,TRUE,FALSE,local_console_model_evidence,pre_change_baseline,same_R_session_repeat_not_proven_warm,system.time around EJAM::ejamit call only,,ejam_eta_local_ejamit.csv,9,,2,,
points_100_radius_3_1,ejamit,local_r,3.2022.2,2026-07-25 18:46:26 UTC,points,point_buffer,100,3.1,,,,,,1.697,,1.697,17.9348410964495,77.902865760209,ejamit_v3.2022.2,1.7015,0.2651738361814937,3.1,,completed,valid_local_model,TRUE,FALSE,local_console_model_evidence,pre_change_baseline,same_R_session_repeat_not_proven_warm,system.time around EJAM::ejamit call only,,ejam_eta_local_ejamit.csv,10,,2,,
points_1000_radius_3_1,ejamit,local_r,3.2022.2,2026-07-25 18:46:28 UTC,points,point_buffer,1000,3.1,,,,,,6.025,,6.025,16.3153312125838,66.9606689499408,ejamit_v3.2022.2,5.704,5.327800829875529,3.1,,completed,valid_local_model,TRUE,FALSE,local_console_model_evidence,pre_change_baseline,same_R_session_repeat_not_proven_warm,system.time around EJAM::ejamit call only,,ejam_eta_local_ejamit.csv,11,,2,,
fips_1_county,ejamit,local_r,3.2022.2,2026-07-25 18:46:41 UTC,fips,county,1,0,,,,,,6.209,,6.209,4.03209415196286,8.45016668418971,ejamit_v3.2022.2,4.03209415196286,35.060490385523266,0,,completed,valid_local_model,TRUE,FALSE,local_console_model_evidence,pre_change_baseline,first_occurrence_same_R_session_not_proven_cold,system.time around EJAM::ejamit call only,,ejam_eta_local_ejamit.csv,12,,1,,
fips_20_counties,ejamit,local_r,3.2022.2,2026-07-25 18:46:47 UTC,fips,county,20,0,,,,,,2.107,,2.107,4.52597876918661,8.93674976547423,ejamit_v3.2022.2,4.52597876918661,114.80677594620832,0,,completed,valid_local_model,TRUE,FALSE,local_console_model_evidence,pre_change_baseline,first_occurrence_same_R_session_not_proven_cold,system.time around EJAM::ejamit call only,,ejam_eta_local_ejamit.csv,13,,1,,
fips_1_state,ejamit,local_r,3.2022.2,2026-07-25 18:46:50 UTC,fips,state,1,0,,,,,,1.306,,1.306,4.08724674861719,14.1018943026972,ejamit_v3.2022.2,1.306,0,0,,completed,valid_local_model,TRUE,FALSE,local_console_model_evidence,pre_change_baseline,first_occurrence_same_R_session_not_proven_cold,system.time around EJAM::ejamit call only,,ejam_eta_local_ejamit.csv,14,,1,,
shape_testinput_shapes_2,ejamit,local_r,3.2022.2,2026-07-25 18:46:53 UTC,shapefile,polygon,2,0,,,,,,0.908000000000001,,0.908000000000001,3.83817438161715,4.0873832328588,ejamit_v3.2022.2,3.83817438161715,322.7064296935182,0,,completed,valid_local_model,TRUE,FALSE,local_console_model_evidence,pre_change_baseline,first_occurrence_same_R_session_not_proven_cold,system.time around EJAM::ejamit call only,,ejam_eta_local_ejamit.csv,15,,1,,
points_3000_radius_3_1,ejamit,local_r,3.2022.2,2026-07-25 18:52:50 UTC,points,point_buffer,3000,3.1,,,,,,15.046,,15.046,29.4906902790806,78.8563766553754,ejamit_v3.2022.2,15.046,0,3.1,,completed,valid_local_model,TRUE,FALSE,local_console_model_evidence,pre_change_baseline,first_occurrence_same_R_session_not_proven_cold,system.time around EJAM::ejamit call only,,ejam_eta_local_ejamit.csv,16,,1,,
points_10000_radius_3_1,ejamit,local_r,3.2022.2,2026-07-25 18:53:05 UTC,points,point_buffer,10000,3.1,,,,,,43.779,,43.779,86.6742872961573,135.703256640688,ejamit_v3.2022.2,43.779,0,3.1,,completed,valid_local_model,TRUE,FALSE,local_console_model_evidence,pre_change_baseline,first_occurrence_same_R_session_not_proven_cold,system.time around EJAM::ejamit call only,,ejam_eta_local_ejamit.csv,17,,1,,
points_10_radius_1,ejamit,local_r,3.2022.2,2026-07-25 18:54:41 UTC,points,point_buffer,10,1,,,,,,2.282,,2.282,26.7245239783798,102.290573184132,ejamit_v3.2022.2,1.0175,55.41191936897458,1,,completed,valid_local_model,TRUE,FALSE,local_console_model_evidence,pre_change_baseline,same_R_session_repeat_not_proven_warm,system.time around EJAM::ejamit call only,,ejam_eta_local_ejamit.csv,18,,3,,
point_1_radius_1,ejamit,local_r,3.2022.2,2026-07-25 18:54:43 UTC,points,point_buffer,1,1,,,,,,0.889,,0.889,33.8062685931762,123.67570716491,ejamit_v3.2022.2,0.889,0,1,,completed,valid_local_model,TRUE,FALSE,local_console_model_evidence,pre_change_baseline,same_R_session_repeat_not_proven_warm,system.time around EJAM::ejamit call only,,ejam_eta_local_ejamit.csv,19,,3,,
fips_all_52_state_units,ejamit,local_r,3.2022.2,2026-07-25 19:04:15 UTC,fips,state,52,0,,,,,,19.451,,19.451,7.07001262020295,17.2383403159824,ejamit_v3.2022.2,19.451,0,0,,completed,valid_local_model,TRUE,FALSE,local_console_model_evidence,pre_change_baseline,first_occurrence_same_R_session_not_proven_cold,system.time around EJAM::ejamit call only,,ejam_eta_local_ejamit.csv,20,,1,All 52 state units completed locally; no valid live all-state completion was obtained.,
point_1_radius_1,web_app,local_app,3.2022.2,2026-07-25T18:47:45.775Z,points,point_buffer,1,1,,,,,,,2.70800175,2.70800175,,,webapp_live_v3.2022.2,5.21244256247219,92.48298353101838,1,Estimated analysis time: about 34 seconds for 1 point-buffer location (upper estimate 2.1 minutes).,completed,valid_environment_comparison,FALSE,FALSE,environment_comparison_only,pre_change_baseline,first_occurrence_same_Shiny_process_not_proven_cold,monotonic clock immediately before Start Analysis click to visible multisite report,,ejam_eta_live_local.jsonl,1,1,1,,
points_10_radius_1,web_app,local_app,3.2022.2,2026-07-25T18:47:51.656Z,points,point_buffer,10,1,,,,,,,1.631090708,1.631090708,,,webapp_live_v3.2022.2,5.21244256247219,219.56791470313433,1,Estimated analysis time: about 27 seconds for 10 point-buffer locations (upper estimate 1.7 minutes).,completed,valid_environment_comparison,FALSE,FALSE,environment_comparison_only,pre_change_baseline,first_occurrence_same_Shiny_process_not_proven_cold,monotonic clock immediately before Start Analysis click to visible multisite report,,ejam_eta_live_local.jsonl,2,1,1,,
points_10_radius_5,web_app,local_app,3.2022.2,2026-07-25T18:47:55.109Z,points,point_buffer,10,5,,,,,,,1.776620375,1.776620375,,,webapp_live_v3.2022.2,5.21244256247219,193.3909030775463,5,Estimated analysis time: about 26 seconds for 10 point-buffer locations (upper estimate 1.7 minutes).,completed,valid_environment_comparison,FALSE,FALSE,environment_comparison_only,pre_change_baseline,first_occurrence_same_Shiny_process_not_proven_cold,monotonic clock immediately before Start Analysis click to visible multisite report,,ejam_eta_live_local.jsonl,3,1,1,,
points_100_radius_3_1,web_app,local_app,3.2022.2,2026-07-25T18:47:58.205Z,points,point_buffer,100,3.1,,,,,,,2.37804075,2.37804075,,,webapp_live_v3.2022.2,8.9982269375,278.3882566982925,3.1,Estimated analysis time: about 18 seconds for 100 point-buffer locations (upper estimate 78 seconds).,completed,valid_environment_comparison,FALSE,FALSE,environment_comparison_only,pre_change_baseline,first_occurrence_same_Shiny_process_not_proven_cold,monotonic clock immediately before Start Analysis click to visible multisite report,,ejam_eta_live_local.jsonl,4,1,1,,
points_1000_radius_3_1,web_app,local_app,3.2022.2,2026-07-25T18:48:01.458Z,points,point_buffer,1000,3.1,,,,,,,7.198260667,7.198260667,,,webapp_live_v3.2022.2,33.879833521,370.6669442566882,3.1,"Estimated analysis time: about 16 seconds for 1,000 point-buffer locations (upper estimate 67 seconds).",completed,valid_environment_comparison,FALSE,FALSE,environment_comparison_only,pre_change_baseline,first_occurrence_same_Shiny_process_not_proven_cold,monotonic clock immediately before Start Analysis click to visible multisite report,,ejam_eta_live_local.jsonl,5,1,1,"The captured uploadSummary truncates formatted 1,000 to 1; the expected-count wait passed and the displayed ETA says 1,000.",
fips_1_county,web_app,local_app,3.2022.2,2026-07-25T18:48:10.008Z,fips,county,1,0,,,,,,,4.877516917,4.877516917,,,webapp_live_v3.2022.2,13.5805752752911,178.43215116194946,0,Estimated analysis time: about 4 seconds for 1 FIPS county location (upper estimate 8 seconds).,completed,valid_environment_comparison,FALSE,FALSE,environment_comparison_only,pre_change_baseline,first_occurrence_same_Shiny_process_not_proven_cold,monotonic clock immediately before Start Analysis click to visible multisite report,,ejam_eta_live_local.jsonl,6,1,1,,
fips_20_counties,web_app,local_app,3.2022.2,2026-07-25T18:48:16.825Z,fips,county,20,0,,,,,,,3.450560416,3.450560416,,,webapp_live_v3.2022.2,14.0744598925148,307.88910193406684,0,Estimated analysis time: about 5 seconds for 20 FIPS county locations (upper estimate 9 seconds).,completed,valid_environment_comparison,FALSE,FALSE,environment_comparison_only,pre_change_baseline,first_occurrence_same_Shiny_process_not_proven_cold,monotonic clock immediately before Start Analysis click to visible multisite report,,ejam_eta_live_local.jsonl,7,1,1,,
fips_1_state,web_app,local_app,3.2022.2,2026-07-25T18:48:23.192Z,fips,state,1,0,,,,,,,2.486425833,2.486425833,,,webapp_live_v3.2022.2,26.125235958,950.7144677819955,0,Estimated analysis time: about 4 seconds for 1 FIPS state location (upper estimate 14 seconds).,completed,valid_environment_comparison,FALSE,FALSE,environment_comparison_only,pre_change_baseline,first_occurrence_same_Shiny_process_not_proven_cold,monotonic clock immediately before Start Analysis click to visible multisite report,,ejam_eta_live_local.jsonl,8,1,1,,
shape_testinput_shapes_2,web_app,local_app,3.2022.2,2026-07-25T18:48:27.598Z,shapefile,polygon,2,0,,,,,,,1.486410958,1.486410958,,,webapp_live_v3.2022.2,5.4995653125,269.9895565826419,0,Estimated analysis time: about 4 seconds for 2 polygon locations (upper estimate 4 seconds).,completed,valid_environment_comparison,FALSE,FALSE,environment_comparison_only,pre_change_baseline,first_occurrence_same_Shiny_process_not_proven_cold,monotonic clock immediately before Start Analysis click to visible multisite report,,ejam_eta_live_local.jsonl,9,1,1,,
point_1_radius_1,web_app,local_app,3.2022.2,2026-07-25T19:00:41.695Z,points,point_buffer,1,1,,,,,,,2.272802709,2.272802709,,,webapp_live_v3.2022.2,5.21244256247219,129.3398605092999,1,Estimated time until results: about 5 seconds for 1 point-buffer location.,completed,valid_post_fix_validation,FALSE,FALSE,post_fix_validation,post_fix_branch_profile,same_Shiny_process_repeat_not_proven_warm,monotonic clock immediately before Start Analysis click to visible multisite report,,ejam_eta_live_local.jsonl,10,1,2,"New branch ETA profile; source-app validation only, not live-profile training.",
points_100_radius_3_1,web_app,local_app,3.2022.2,2026-07-25T19:00:44.994Z,points,point_buffer,100,3.1,,,,,,,3.199965042,3.199965042,,,webapp_live_v3.2022.2,8.9982269375,181.19766370560242,3.1,Estimated time until results: about 9 seconds for 100 point-buffer locations.,completed,valid_post_fix_validation,FALSE,FALSE,post_fix_validation,post_fix_branch_profile,same_Shiny_process_repeat_not_proven_warm,monotonic clock immediately before Start Analysis click to visible multisite report,,ejam_eta_live_local.jsonl,11,1,2,"New branch ETA profile; source-app validation only, not live-profile training.",
points_1000_radius_3_1,web_app,local_app,3.2022.2,2026-07-25T19:00:50.683Z,points,point_buffer,1000,3.1,,,,,,,6.792943541,6.792943541,,,webapp_live_v3.2022.2,33.879833521,398.7504064550564,3.1,"Estimated time until results: about 34 seconds for 1,000 point-buffer locations.",completed,valid_post_fix_validation,FALSE,FALSE,post_fix_validation,post_fix_branch_profile,same_Shiny_process_repeat_not_proven_warm,monotonic clock immediately before Start Analysis click to visible multisite report,,ejam_eta_live_local.jsonl,12,1,2,"New branch ETA profile; source-app validation only, not live-profile training. The captured uploadSummary truncates formatted 1,000 to 1; the expected-count wait passed and the displayed ETA says 1,000.",
fips_1_county,web_app,local_app,3.2022.2,2026-07-25T19:00:58.803Z,fips,county,1,0,,,,,,,5.165919375,5.165919375,,,webapp_live_v3.2022.2,13.5805752752911,162.88786737580665,0,Estimated time until results: about 8 seconds for 1 FIPS county location.,completed,valid_post_fix_validation,FALSE,FALSE,post_fix_validation,post_fix_branch_profile,same_Shiny_process_repeat_not_proven_warm,monotonic clock immediately before Start Analysis click to visible multisite report,,ejam_eta_live_local.jsonl,13,1,2,"New branch ETA profile; source-app validation only, not live-profile training.",
shape_testinput_shapes_2,web_app,local_app,3.2022.2,2026-07-25T19:01:05.973Z,shapefile,polygon,2,0,,,,,,,2.01342625,2.01342625,,,webapp_live_v3.2022.2,5.4995653125,173.14461170355753,0,Estimated time until results: about 5 seconds for 2 polygon locations.,completed,valid_post_fix_validation,FALSE,FALSE,post_fix_validation,post_fix_branch_profile,same_Shiny_process_repeat_not_proven_warm,monotonic clock immediately before Start Analysis click to visible multisite report,,ejam_eta_live_local.jsonl,14,1,2,"New branch ETA profile; source-app validation only, not live-profile training.",
fips_all_52_state_units,web_app,local_app,3.2022.2,2026-07-25T19:06:16.372Z,fips,state,52,0,,,,,,,23.365087541,23.365087541,,,webapp_live_v3.2022.2_lower_bound,120,413.58677680718898,0,Estimated time until results: about 26 seconds for 52 FIPS state locations.,completed,valid_environment_comparison,FALSE,FALSE,environment_comparison_only,post_fix_branch_profile,first_occurrence_same_Shiny_process_not_proven_cold,monotonic clock immediately before Start Analysis click to visible multisite report,,ejam_eta_live_local.jsonl,15,1,1,"The source-app path completed locally, but local timing does not calibrate the live profile; the final live profile uses an explicit 120-second lower bound.",
point_1_radius_1,web_app,live_dev,3.2022.2,2026-07-25T17:59:41.114Z,points,point_buffer,1,1,,,,,,,9.449559833,9.449559833,,,webapp_live_v3.2022.2,5.21244256247219,44.83930834249907,1,× Processing sites now! × Step 1 of 3 Estimated analysis time: about 34 seconds for 1 point-buffer location (upper estimate 2.1 minutes).,completed,valid_web_calibration,FALSE,TRUE,web_calibration_training,pre_change_baseline,shared_service_later_attempt_cache_unknown,monotonic clock immediately before Start Analysis click to visible multisite report,,ejam_eta_live_dev.jsonl,2,1,2,,
points_10_radius_1,web_app,live_dev,3.2022.2,2026-07-25T18:01:17.327Z,points,point_buffer,10,1,,,,,,,4.608597625,4.608597625,,,webapp_live_v3.2022.2,5.21244256247219,13.102574505453601,1,Estimated analysis time: about 27 seconds for 10 point-buffer locations (upper estimate 1.7 minutes).,completed,valid_web_calibration,FALSE,TRUE,web_calibration_training,pre_change_baseline,shared_service_first_attempt_cache_unknown,monotonic clock immediately before Start Analysis click to visible multisite report,,ejam_eta_live_dev.jsonl,3,1,1,,
points_10_radius_5,web_app,live_dev,3.2022.2,2026-07-25T18:01:26.047Z,points,point_buffer,10,5,,,,,,,3.827862959,3.827862959,,,webapp_live_v3.2022.2,5.21244256247219,36.17108601593984,5,Estimated analysis time: about 27 seconds for 10 point-buffer locations (upper estimate 1.7 minutes).,completed,valid_web_calibration,FALSE,TRUE,web_calibration_training,pre_change_baseline,shared_service_first_attempt_cache_unknown,monotonic clock immediately before Start Analysis click to visible multisite report,,ejam_eta_live_dev.jsonl,4,1,1,,
points_100_radius_3_1,web_app,live_dev,3.2022.2,2026-07-25T18:01:33.372Z,points,point_buffer,100,3.1,,,,,,,8.588973792,8.588973792,,,webapp_live_v3.2022.2,8.9982269375,4.764866623311723,3.1,Estimated analysis time: about 18 seconds for 100 point-buffer locations (upper estimate 78 seconds).,completed,valid_web_calibration,FALSE,TRUE,web_calibration_training,pre_change_baseline,shared_service_first_attempt_cache_unknown,monotonic clock immediately before Start Analysis click to visible multisite report,,ejam_eta_live_dev.jsonl,5,1,1,,
fips_1_county,web_app,live_dev,3.2022.2,2026-07-25T18:07:01.726Z,fips,county,1,0,,,,,,,6.826913958,6.826913958,,,unsupported_buffered_fips_live_v3.2022.2,,,0.5,Estimated analysis time: about 4 seconds for 1 FIPS county location (upper estimate 8 seconds).,completed,excluded_radius_mismatch,FALSE,FALSE,excluded_diagnostic,pre_change_baseline,shared_service_later_attempt_cache_unknown,monotonic clock immediately before Start Analysis click to visible multisite report,,ejam_eta_live_dev.jsonl,8,1,3,Requested radius 0 but #radius_now was 0.5 immediately before click; FIPS buffering makes this a different workload.,
shape_testinput_shapes_2,web_app,live_dev,3.2022.2,2026-07-25T18:13:06.923Z,shapefile,polygon,2,0,,,,,,,4.848782083,4.848782083,,,webapp_live_v3.2022.2,5.4995653125,13.421581303512667,0,Estimated analysis time: about 4 seconds for 2 polygon locations (upper estimate 4 seconds).,completed,valid_web_calibration,FALSE,TRUE,web_calibration_training,pre_change_baseline,shared_service_later_attempt_cache_unknown,monotonic clock immediately before Start Analysis click to visible multisite report,,ejam_eta_live_dev.jsonl,11,1,3,,
fips_20_counties,web_app,live_dev,3.2022.2,2026-07-25T18:13:24.937Z,fips,county,20,0,,,,,,,10.954484125,10.954484125,,,unsupported_buffered_fips_live_v3.2022.2,,,0.5,Estimated analysis time: about 5 seconds for 20 FIPS county locations (upper estimate 9 seconds).,completed,excluded_radius_mismatch,FALSE,FALSE,excluded_diagnostic,pre_change_baseline,shared_service_first_attempt_cache_unknown,monotonic clock immediately before Start Analysis click to visible multisite report,,ejam_eta_live_dev.jsonl,12,1,1,Requested radius 0 but #radius_now was 0.5 immediately before click; FIPS buffering makes this a different workload.,
fips_1_state,web_app,live_dev,3.2022.2,2026-07-25T18:13:40.297Z,fips,state,1,0,,,,,,,7.768062833,7.768062833,,,unsupported_buffered_fips_live_v3.2022.2,,,0.5,Estimated analysis time: about 4 seconds for 1 FIPS state location (upper estimate 14 seconds).,completed,excluded_radius_mismatch,FALSE,FALSE,excluded_diagnostic,pre_change_baseline,shared_service_first_attempt_cache_unknown,monotonic clock immediately before Start Analysis click to visible multisite report,,ejam_eta_live_dev.jsonl,13,1,1,Requested radius 0 but #radius_now was 0.5 immediately before click; FIPS buffering makes this a different workload.,
fips_1_county,web_app,live_dev,3.2022.2,2026-07-25T18:22:21.145Z,fips,county,1,0,,,,,,,21.267107459,21.267107459,,,webapp_live_v3.2022.2,13.5805752752911,36.14281913291432,0,Estimated analysis time: about 4 seconds for 1 FIPS county location (upper estimate 8 seconds).,completed,excluded_post_overload_contamination,FALSE,FALSE,excluded_diagnostic,pre_change_baseline,shared_service_later_attempt_cache_unknown,monotonic clock immediately before Start Analysis click to visible multisite report,,ejam_eta_live_dev.jsonl,14,1,4,"Radius matched, but this run was designated contaminated before fitting because it immediately followed a development-service overload.",
fips_20_counties,web_app,live_dev,3.2022.2,2026-07-25T18:22:51.185Z,fips,county,20,0,,,,,,,11.437944333,11.437944333,,,webapp_live_v3.2022.2,14.0744598925148,23.05060667158608,0,Estimated analysis time: about 5 seconds for 20 FIPS county locations (upper estimate 9 seconds).,completed,valid_web_calibration_radius_matched,FALSE,TRUE,radius_matched_web_calibration,pre_change_baseline,shared_service_later_attempt_cache_unknown,monotonic clock immediately before Start Analysis click to visible multisite report,,ejam_eta_live_dev.jsonl,15,1,2,Only completed 20-county live-development run with the requested and observed radius both zero; retained despite preceding service variability.,
fips_1_state,web_app,live_dev,3.2022.2,2026-07-25T18:23:06.875Z,fips,state,1,0,,,,,,,,,,,webapp_live_v3.2022.2,26.125235958,,0,Estimated analysis time: about 4 seconds for 1 FIPS state location (upper estimate 14 seconds).,failed,failed_post_click_timeout_lower_bound,FALSE,FALSE,operational_failure,pre_change_baseline,shared_service_later_attempt_cache_unknown,monotonic clock immediately before Start Analysis click to visible multisite report,300,ejam_eta_live_dev.jsonl,16,1,2,"Start Analysis was clicked and step 1 began; timeout is a lower bound, not a fitted elapsed time.",page.waitForFunction: Timeout 300000ms exceeded.
fips_all_52_state_units,web_app,live_dev,3.2022.2,2026-07-25T18:28:10.636Z,fips,state,52,0,,,,,,,,,,,webapp_live_v3.2022.2_lower_bound,120,,,,failed,failed_pre_click_setup_timeout,FALSE,FALSE,operational_failure,pre_change_baseline,shared_service_first_attempt_cache_unknown,monotonic clock immediately before Start Analysis click to visible multisite report,,ejam_eta_live_dev.jsonl,17,1,1,All 52 state units did not reach a valid click-to-report run on live development.,page.waitForFunction: Timeout 120000ms exceeded.
points_1000_radius_3_1,web_app,live_dev,3.2022.2,2026-07-25T18:38:21.296Z,points,point_buffer,1000,3.1,,,,,,,37.359882,37.359882,,,webapp_live_v3.2022.2,33.879833521,9.314934343208037,3.1,"Estimated analysis time: about 16 seconds for 1,000 point-buffer locations (upper estimate 67 seconds).",completed,valid_web_calibration,FALSE,TRUE,web_calibration_training,pre_change_baseline,shared_service_later_attempt_cache_unknown,monotonic clock immediately before Start Analysis click to visible multisite report,,ejam_eta_live_dev.jsonl,20,1,3,"The captured uploadSummary truncates formatted 1,000 to 1; the expected-count wait passed and the displayed ETA says 1,000.",
point_1_radius_1,web_app,live_dev,3.2022.2,2026-07-25T18:39:08.675Z,points,point_buffer,1,1,,,,,,,4.061652459,4.061652459,,,webapp_live_v3.2022.2,5.21244256247219,28.33305200503344,1,Estimated analysis time: about 34 seconds for 1 point-buffer location (upper estimate 2.1 minutes).,completed,valid_web_calibration,FALSE,TRUE,web_calibration_training,pre_change_baseline,shared_service_later_attempt_cache_unknown,monotonic clock immediately before Start Analysis click to visible multisite report,,ejam_eta_live_dev.jsonl,21,1,3,,
points_10_radius_1,web_app,live_dev,3.2022.2,2026-07-25T18:39:15.934Z,points,point_buffer,10,1,,,,,,,3.877770875,3.877770875,,,webapp_live_v3.2022.2,5.21244256247219,34.41852885318269,1,Estimated analysis time: about 27 seconds for 10 point-buffer locations (upper estimate 1.7 minutes).,completed,valid_web_calibration,FALSE,TRUE,web_calibration_training,pre_change_baseline,shared_service_later_attempt_cache_unknown,monotonic clock immediately before Start Analysis click to visible multisite report,,ejam_eta_live_dev.jsonl,22,1,2,,
points_10_radius_5,web_app,live_dev,3.2022.2,2026-07-25T18:39:23.674Z,points,point_buffer,10,5,,,,,,,6.166934167,6.166934167,,,webapp_live_v3.2022.2,5.21244256247219,15.477570842825084,5,Estimated analysis time: about 26 seconds for 10 point-buffer locations (upper estimate 1.7 minutes).,completed,valid_web_calibration,FALSE,TRUE,web_calibration_training,pre_change_baseline,shared_service_later_attempt_cache_unknown,monotonic clock immediately before Start Analysis click to visible multisite report,,ejam_eta_live_dev.jsonl,23,1,2,,
points_100_radius_3_1,web_app,live_dev,3.2022.2,2026-07-25T18:39:33.205Z,points,point_buffer,100,3.1,,,,,,,9.407480083,9.407480083,,,webapp_live_v3.2022.2,8.9982269375,4.350295104419614,3.1,Estimated analysis time: about 18 seconds for 100 point-buffer locations (upper estimate 78 seconds).,completed,valid_web_calibration,FALSE,TRUE,web_calibration_training,pre_change_baseline,shared_service_later_attempt_cache_unknown,monotonic clock immediately before Start Analysis click to visible multisite report,,ejam_eta_live_dev.jsonl,24,1,2,,
points_1000_radius_3_1,web_app,live_dev,3.2022.2,2026-07-25T18:39:45.804Z,points,point_buffer,1000,3.1,,,,,,,30.399785042,30.399785042,,,webapp_live_v3.2022.2,33.879833521,11.447608837338832,3.1,"Estimated analysis time: about 16 seconds for 1,000 point-buffer locations (upper estimate 67 seconds).",completed,valid_web_calibration,FALSE,TRUE,web_calibration_training,pre_change_baseline,shared_service_later_attempt_cache_unknown,monotonic clock immediately before Start Analysis click to visible multisite report,,ejam_eta_live_dev.jsonl,25,1,4,"The captured uploadSummary truncates formatted 1,000 to 1; the expected-count wait passed and the displayed ETA says 1,000.",
fips_1_county,web_app,live_dev,3.2022.2,2026-07-25T18:40:55.091Z,fips,county,1,0,,,,,,,17.64871,17.64871,,,webapp_live_v3.2022.2,13.5805752752911,23.050606671586202,0,Estimated analysis time: about 4 seconds for 1 FIPS county location (upper estimate 8 seconds).,completed,valid_web_calibration_radius_matched,FALSE,TRUE,radius_matched_web_calibration,pre_change_baseline,shared_service_later_attempt_cache_unknown,monotonic clock immediately before Start Analysis click to visible multisite report,,ejam_eta_live_dev.jsonl,26,1,5,,
fips_20_counties,web_app,live_dev,3.2022.2,2026-07-25T18:41:17.209Z,fips,county,20,0,,,,,,,,,,,webapp_live_v3.2022.2,14.0744598925148,,0,,failed,failed_post_click_timeout_lower_bound,FALSE,FALSE,operational_failure,pre_change_baseline,shared_service_later_attempt_cache_unknown,monotonic clock immediately before Start Analysis click to visible multisite report,600,ejam_eta_live_dev.jsonl,27,1,3,"Start Analysis was clicked and step 1 began; timeout is a lower bound, not a fitted elapsed time.",page.waitForFunction: Timeout 600000ms exceeded.
fips_1_state,web_app,live_dev,3.2022.2,2026-07-25T18:51:22.025Z,fips,state,1,0,,,,,,,26.125235958,26.125235958,,,webapp_live_v3.2022.2,26.125235958,0,0,Estimated analysis time: about 4 seconds for 1 FIPS state location (upper estimate 14 seconds).,completed,valid_web_calibration_radius_matched,FALSE,TRUE,radius_matched_web_calibration,pre_change_baseline,shared_service_later_attempt_cache_unknown,monotonic clock immediately before Start Analysis click to visible multisite report,,ejam_eta_live_dev.jsonl,28,1,3,,
shape_testinput_shapes_2,web_app,live_dev,3.2022.2,2026-07-25T18:51:58.711Z,shapefile,polygon,2,0,,,,,,,6.150348542,6.150348542,,,webapp_live_v3.2022.2,5.4995653125,10.581241454136764,0,Estimated analysis time: about 4 seconds for 2 polygon locations (upper estimate 4 seconds).,completed,valid_web_calibration,FALSE,TRUE,web_calibration_training,pre_change_baseline,shared_service_later_attempt_cache_unknown,monotonic clock immediately before Start Analysis click to visible multisite report,,ejam_eta_live_dev.jsonl,29,1,4,,
fips_all_52_state_units,web_app,live_dev,3.2022.2,2026-07-25T19:19:31.934Z,fips,state,52,0,,,,,,,,,,,webapp_live_v3.2022.2_lower_bound,120,,0,Estimated analysis time: about 7 seconds for 52 FIPS state locations (upper estimate 17 seconds).,failed,failed_post_click_timeout_lower_bound,FALSE,FALSE,operational_failure,pre_change_baseline,shared_service_later_attempt_cache_unknown,monotonic clock immediately before Start Analysis click to visible multisite report,120,ejam_eta_live_dev.jsonl,30,1,2,"Start Analysis was clicked and step 1 began; timeout is a lower bound, not a fitted elapsed time.",page.waitForFunction: Timeout 120000ms exceeded.
testinput_fips_blockgroups,web_app,live_dev,3.2022.2,2026-07-25T19:21:46.735Z,fips,blockgroup,14,0,,,,,,,,,,,webapp_live_v3.2022.2,12.6666666666667,,,,failed,failed_pre_click_service_unavailable,FALSE,FALSE,operational_failure,pre_change_baseline,shared_service_first_attempt_cache_unknown,monotonic clock immediately before Start Analysis click to visible multisite report,,ejam_eta_live_dev.jsonl,31,1,1,The development endpoint returned 503 before a valid Start Analysis click.,page.waitForFunction: Timeout 120000ms exceeded.
testinput_fips_cities,web_app,live_dev,3.2022.2,2026-07-25T19:24:17.439Z,fips,city,2,0,,,,,,,10.274223792,10.274223792,,,webapp_live_v3.2022.2,10,2.669046319718327,0,Estimated analysis time: about 4 seconds for 2 FIPS city locations (upper estimate 6 seconds).,completed,valid_web_calibration_radius_matched,FALSE,TRUE,radius_matched_web_calibration,pre_change_baseline,shared_service_first_attempt_cache_unknown,monotonic clock immediately before Start Analysis click to visible multisite report,,ejam_eta_live_dev.jsonl,32,1,1,,
testinput_fips_counties,web_app,live_dev,3.2022.2,2026-07-25T19:24:37.292Z,fips,county,3,0,,,,,,,16.751557334,16.751557334,,,webapp_live_v3.2022.2,13.6325631233282,18.619129842580644,0,Estimated analysis time: about 4 seconds for 3 FIPS county locations (upper estimate 8 seconds).,completed,valid_post_calibration_snapshot,FALSE,FALSE,followup_evidence_only,pre_change_baseline,shared_service_first_attempt_cache_unknown,monotonic clock immediately before Start Analysis click to visible multisite report,,ejam_eta_live_dev.jsonl,33,1,1,"Completed after the calibration-analysis snapshot; retained as follow-up evidence, not used to fit.",
testinput_fips_mix,web_app,live_dev,3.2022.2,2026-07-25T19:24:57.843Z,fips,mixed,6,0,,,,,,,,,,,webapp_live_v3.2022.2,10.8888888888889,,,,failed,expected_mixed_fips_rejection_before_click,FALSE,FALSE,operational_validation,pre_change_baseline,shared_service_first_attempt_cache_unknown,monotonic clock immediately before Start Analysis click to visible multisite report,,ejam_eta_live_dev.jsonl,34,1,1,Mixed FIPS input was rejected before click by the one-FIPS-type validation rule.,page.waitForFunction: Timeout 120000ms exceeded.
testinput_fips_states,web_app,live_dev,3.2022.2,2026-07-25T19:26:59.175Z,fips,state,2,0,,,,,,,,,,,webapp_live_v3.2022.2_lower_bound,120,,0,,failed,failed_post_click_timeout_lower_bound,FALSE,FALSE,operational_failure,pre_change_baseline,shared_service_first_attempt_cache_unknown,monotonic clock immediately before Start Analysis click to visible multisite report,120,ejam_eta_live_dev.jsonl,35,1,1,"Start Analysis was clicked and step 1 began; timeout is a lower bound, not a fitted elapsed time.",page.waitForFunction: Timeout 120000ms exceeded.
testinput_fips_tracts,web_app,live_dev,3.2022.2,2026-07-25T19:29:03.118Z,fips,tract,8,0,,,,,,,,,,,webapp_live_v3.2022.2,11.3333333333333,,,,failed,failed_pre_click_service_unavailable,FALSE,FALSE,operational_failure,pre_change_baseline,shared_service_first_attempt_cache_unknown,monotonic clock immediately before Start Analysis click to visible multisite report,,ejam_eta_live_dev.jsonl,36,1,1,The development endpoint returned 503 before a valid Start Analysis click.,page.waitForFunction: Timeout 120000ms exceeded.
point_1_radius_1,web_app,live_production,3.2022.1,2026-07-25T18:25:47.353Z,points,point_buffer,1,1,,,,,,,6.321805541,6.321805541,,,webapp_live_v3.2022.2,5.21244256247219,17.54819839574388,1,Estimated analysis time: about 34 seconds for 1 point-buffer location (upper estimate 2.1 minutes).,completed,valid_version_comparison,FALSE,FALSE,production_version_comparison_only,pre_change_baseline,shared_service_first_attempt_cache_unknown,monotonic clock immediately before Start Analysis click to visible multisite report,,ejam_eta_live_production.jsonl,1,1,1,Production runs EJAM v3.2022.1 and is not training data for the v3.2022.2 web ETA.,
points_10_radius_1,web_app,live_production,3.2022.1,2026-07-25T18:25:55.667Z,points,point_buffer,10,1,,,,,,,4.790638333,4.790638333,,,webapp_live_v3.2022.2,5.21244256247219,8.804760454710568,1,Estimated analysis time: about 27 seconds for 10 point-buffer locations (upper estimate 1.7 minutes).,completed,valid_version_comparison,FALSE,FALSE,production_version_comparison_only,pre_change_baseline,shared_service_first_attempt_cache_unknown,monotonic clock immediately before Start Analysis click to visible multisite report,,ejam_eta_live_production.jsonl,2,1,1,Production runs EJAM v3.2022.1 and is not training data for the v3.2022.2 web ETA.,
points_10_radius_5,web_app,live_production,3.2022.1,2026-07-25T18:35:07.752Z,points,point_buffer,10,5,,,,,,,6.857092708,6.857092708,,,webapp_live_v3.2022.2,5.21244256247219,23.98465669873527,5,Estimated analysis time: about 26 seconds for 10 point-buffer locations (upper estimate 1.7 minutes).,completed,valid_version_comparison,FALSE,FALSE,production_version_comparison_only,pre_change_baseline,shared_service_later_attempt_cache_unknown,monotonic clock immediately before Start Analysis click to visible multisite report,,ejam_eta_live_production.jsonl,5,1,3,Production runs EJAM v3.2022.1 and is not training data for the v3.2022.2 web ETA.,
points_100_radius_3_1,web_app,live_production,3.2022.1,2026-07-25T18:35:21.237Z,points,point_buffer,100,3.1,,,,,,,7.687238916,7.687238916,,,webapp_live_v3.2022.2,8.9982269375,17.0540819119248,3.1,Estimated analysis time: about 18 seconds for 100 point-buffer locations (upper estimate 78 seconds).,completed,valid_version_comparison,FALSE,FALSE,production_version_comparison_only,pre_change_baseline,shared_service_first_attempt_cache_unknown,monotonic clock immediately before Start Analysis click to visible multisite report,,ejam_eta_live_production.jsonl,6,1,1,Production runs EJAM v3.2022.1 and is not training data for the v3.2022.2 web ETA.,
fips_1_county,web_app,live_production,3.2022.1,2026-07-25T18:37:54.293Z,fips,county,1,0,,,,,,,12.035114541,12.035114541,,,webapp_live_v3.2022.2,13.5805752752911,12.841263197173415,0,Estimated analysis time: about 4 seconds for 1 FIPS county location (upper estimate 8 seconds).,completed,valid_version_comparison,FALSE,FALSE,production_version_comparison_only,pre_change_baseline,shared_service_first_attempt_cache_unknown,monotonic clock immediately before Start Analysis click to visible multisite report,,ejam_eta_live_production.jsonl,8,1,1,Production runs EJAM v3.2022.1 and is not training data for the v3.2022.2 web ETA.,
fips_20_counties,web_app,live_production,3.2022.1,2026-07-25T18:38:15.866Z,fips,county,20,0,,,,,,,8.799436958,8.799436958,,,webapp_live_v3.2022.2,14.0744598925148,59.94727798713325,0,Estimated analysis time: about 5 seconds for 20 FIPS county locations (upper estimate 9 seconds).,completed,valid_version_comparison,FALSE,FALSE,production_version_comparison_only,pre_change_baseline,shared_service_first_attempt_cache_unknown,monotonic clock immediately before Start Analysis click to visible multisite report,,ejam_eta_live_production.jsonl,9,1,1,Production runs EJAM v3.2022.1 and is not training data for the v3.2022.2 web ETA.,
points_1000_radius_3_1,web_app,live_production,3.2022.1,2026-07-25T18:38:41.644Z,points,point_buffer,1000,3.1,,,,,,,17.837574,17.837574,,,webapp_live_v3.2022.2,33.879833521,89.93520935638445,3.1,"Estimated analysis time: about 16 seconds for 1,000 point-buffer locations (upper estimate 67 seconds).",completed,valid_version_comparison,FALSE,FALSE,production_version_comparison_only,pre_change_baseline,shared_service_later_attempt_cache_unknown,monotonic clock immediately before Start Analysis click to visible multisite report,,ejam_eta_live_production.jsonl,10,1,2,"Production runs EJAM v3.2022.1 and is not training data for the v3.2022.2 web ETA. The captured uploadSummary truncates formatted 1,000 to 1; the expected-count wait passed and the displayed ETA says 1,000.",
fips_1_state,web_app,live_production,3.2022.1,2026-07-25T18:39:38.598Z,fips,state,1,0,,,,,,,,,,,webapp_live_v3.2022.2,26.125235958,,0,Estimated analysis time: about 4 seconds for 1 FIPS state location (upper estimate 14 seconds).,failed,failed_post_click_timeout_lower_bound,FALSE,FALSE,operational_failure,pre_change_baseline,shared_service_first_attempt_cache_unknown,monotonic clock immediately before Start Analysis click to visible multisite report,300,ejam_eta_live_production.jsonl,11,1,1,Production runs EJAM v3.2022.1 and is not training data for the v3.2022.2 web ETA. Start Analysis was clicked and step 1 began; timeout is a lower bound.,page.waitForFunction: Timeout 300000ms exceeded.
shape_testinput_shapes_2,web_app,live_production,3.2022.1,2026-07-25T18:44:54.105Z,shapefile,polygon,2,0,,,,,,,7.475838375,7.475838375,,,webapp_live_v3.2022.2,5.4995653125,26.43547069060332,0,Estimated analysis time: about 4 seconds for 2 polygon locations (upper estimate 4 seconds).,completed,valid_version_comparison,FALSE,FALSE,production_version_comparison_only,pre_change_baseline,shared_service_first_attempt_cache_unknown,monotonic clock immediately before Start Analysis click to visible multisite report,,ejam_eta_live_production.jsonl,12,1,1,Production runs EJAM v3.2022.1 and is not training data for the v3.2022.2 web ETA.,
testinput_fips_blockgroups,web_app,live_production,3.2022.1,2026-07-25T18:48:47.639Z,fips,blockgroup,14,0,,,,,,,11.490249667,11.490249667,,,webapp_live_v3.2022.2,12.6666666666667,10.238393714327803,0,Estimated analysis time: about 5 seconds for 14 FIPS blockgroup locations (upper estimate 15 seconds).,completed,valid_version_comparison,FALSE,FALSE,production_version_comparison_only,pre_change_baseline,shared_service_later_attempt_cache_unknown,monotonic clock immediately before Start Analysis click to visible multisite report,,ejam_eta_live_production.jsonl,14,1,2,Production runs EJAM v3.2022.1 and is not training data for the v3.2022.2 web ETA.,
testinput_fips_cities,web_app,live_production,3.2022.1,2026-07-25T18:49:11.386Z,fips,city,2,0,,,,,,,6.980322084,6.980322084,,,webapp_live_v3.2022.2,10,43.25986508447194,0,Estimated analysis time: about 4 seconds for 2 FIPS city locations (upper estimate 6 seconds).,completed,valid_version_comparison,FALSE,FALSE,production_version_comparison_only,pre_change_baseline,shared_service_first_attempt_cache_unknown,monotonic clock immediately before Start Analysis click to visible multisite report,,ejam_eta_live_production.jsonl,15,1,1,Production runs EJAM v3.2022.1 and is not training data for the v3.2022.2 web ETA.,
testinput_fips_counties,web_app,live_production,3.2022.1,2026-07-25T18:49:25.014Z,fips,county,3,0,,,,,,,7.357583708,7.357583708,,,webapp_live_v3.2022.2,13.6325631233282,85.28587188896445,0,Estimated analysis time: about 4 seconds for 3 FIPS county locations (upper estimate 8 seconds).,completed,valid_version_comparison,FALSE,FALSE,production_version_comparison_only,pre_change_baseline,shared_service_first_attempt_cache_unknown,monotonic clock immediately before Start Analysis click to visible multisite report,,ejam_eta_live_production.jsonl,16,1,1,Production runs EJAM v3.2022.1 and is not training data for the v3.2022.2 web ETA.,
testinput_fips_mix,web_app,live_production,3.2022.1,2026-07-25T18:49:47.759Z,fips,mixed,6,0,,,,,,,,,,,webapp_live_v3.2022.2,10.8888888888889,,,,failed,expected_mixed_fips_rejection_before_click,FALSE,FALSE,operational_failure,pre_change_baseline,shared_service_first_attempt_cache_unknown,monotonic clock immediately before Start Analysis click to visible multisite report,,ejam_eta_live_production.jsonl,17,1,1,Production runs EJAM v3.2022.1 and is not training data for the v3.2022.2 web ETA. Mixed FIPS input was rejected before click by the one-FIPS-type validation rule.,page.waitForFunction: Timeout 90000ms exceeded.
testinput_fips_states,web_app,live_production,3.2022.1,2026-07-25T18:51:57.281Z,fips,state,2,0,,,,,,,7.382700375,7.382700375,,,webapp_live_v3.2022.2_lower_bound,120,1525.4215111635219,0,Estimated analysis time: about 4 seconds for 2 FIPS state locations (upper estimate 14 seconds).,completed,valid_version_comparison,FALSE,FALSE,production_version_comparison_only,pre_change_baseline,shared_service_first_attempt_cache_unknown,monotonic clock immediately before Start Analysis click to visible multisite report,,ejam_eta_live_production.jsonl,18,1,1,Production runs EJAM v3.2022.1 and is not training data for the v3.2022.2 web ETA.,
testinput_fips_tracts,web_app,live_production,3.2022.1,2026-07-25T18:52:13.538Z,fips,tract,8,0,,,,,,,,,,,webapp_live_v3.2022.2,11.3333333333333,,0,Estimated analysis time: about 4 seconds for 8 FIPS tract locations (upper estimate 14 seconds).,failed,failed_post_click_timeout_lower_bound,FALSE,FALSE,operational_failure,pre_change_baseline,shared_service_first_attempt_cache_unknown,monotonic clock immediately before Start Analysis click to visible multisite report,600,ejam_eta_live_production.jsonl,19,1,1,Production runs EJAM v3.2022.1 and is not training data for the v3.2022.2 web ETA. Start Analysis was clicked and step 1 began; timeout is a lower bound.,page.waitForFunction: Timeout 600000ms exceeded.
